user_id,course_id,gender,school,enroll_time,classification_encoded,classification,school_encoded,course_id_encoded,comment_count_week1,reply_count_week1,questions_done_week1,attempts_count_week1,correct_answers_week1,total_score_week1,user_watching_time_week1
U_6165589,C_1829948,2.0,北方民族大学,2020-06-05 12:20:37,3,D,190,61,0.041666666666666664,0.0,0.06563706563706564,0.06563706563706564,0.0653061224489796,0.02038216560509554,0.0
U_12649609,C_735197,2.0,辽宁石油化工大学,2020-09-15 21:13:30,4,E,790,141,0.041666666666666664,0.0,0.09266409266409267,0.09266409266409267,0.06122448979591837,0.02038216560509554,0.0
U_26004394,C_948120,1.0,中国医科大学,2020-10-04 09:52:58,2,C,69,167,0.013888888888888888,0.0,0.1003861003861004,0.1003861003861004,0.0979591836734694,0.030573248407643312,0.0
U_9811192,C_735197,2.0,辽宁对外经贸学院,2020-09-17 23:15:05,4,E,781,141,0.08333333333333333,0.0,0.0501930501930502,0.0501930501930502,0.0489795918367347,0.016560509554140127,0.0
U_17906158,C_786631,1.0,北华航天工业学院,2020-04-22 21:42:36,3,D,186,154,0.041666666666666664,0.0,0.0,0.0,0.0,0.0,0.0
U_20255648,C_948120,0.0,辽宁对外经贸学院,2020-09-25 22:12:23,4,E,781,167,0.0,0.0,0.0,0.0,0.0,0.0,0.0
U_21397786,C_948120,0.0,中国农业大学,2020-09-27 09:41:15,0,A,67,167,0.013888888888888888,0.0,0.08108108108108109,0.08108108108108109,0.07755102040816328,0.025477707006369425,0.0427517721920769
U_33200420,C_697076,2.0,辽宁对外经贸学院,2020-11-16 10:45:15,4,E,781,121,0.0,0.0,0.03861003861003861,0.03861003861003861,0.028571428571428574,0.008917197452229299,0.0
U_4602331,C_735197,2.0,华南理工大学,2020-10-14 22:05:20,4,E,211,141,0.0,0.0,0.0,0.0,0.0,0.0,0.0
U_966619,C_735164,2.0,昆明理工大学,2020-10-19 21:13:10,0,A,476,138,0.0,0.0,0.0,0.0,0.0,0.0,0.0
U_29207536,C_1738818,2.0,广州中医药大学,2020-09-22 08:18:54,1,B,423,15,0.0,0.0,0.04633204633204634,0.04633204633204634,0.0326530612244898,0.02038216560509554,0.21752417083578948
U_28289382,C_1829948,2.0,北方民族大学,2020-06-04 18:28:19,1,B,190,61,0.05555555555555555,0.0,0.06563706563706564,0.06563706563706564,0.06122448979591837,0.01910828025477707,0.0
U_15201696,C_735197,2.0,辽宁石油化工大学,2020-09-09 13:50:14,4,E,790,141,0.0,0.0,0.03474903474903475,0.03474903474903475,0.0326530612244898,0.017834394904458598,0.0
U_26249178,C_735164,2.0,昆明理工大学,2020-09-15 09:05:22,0,A,476,138,0.0,0.0,0.18532818532818535,0.24324324324324326,0.1836734693877551,0.10318471337579617,0.0239620283399389
U_4409501,C_1829948,1.0,北方民族大学,2020-06-10 15:32:55,2,C,190,61,0.05555555555555555,0.0,0.0888030888030888,0.0888030888030888,0.06122448979591837,0.01910828025477707,0.0
U_12408293,C_735197,0.0,华南理工大学,2020-09-09 21:34:11,4,E,211,141,0.027777777777777776,0.0,0.019305019305019305,0.019305019305019305,0.012244897959183675,0.003821656050955414,0.0
U_33189137,C_735164,2.0,昆明理工大学,2020-09-22 13:15:02,4,E,476,138,0.013888888888888888,0.0,0.07722007722007722,0.08494208494208494,0.0816326530612245,0.044585987261146494,0.0
U_6240927,C_756642,2.0,昆明理工大学,2020-05-11 18:02:30,0,A,476,149,0.013888888888888888,0.0,0.019305019305019305,0.019305019305019305,0.020408163265306124,0.008917197452229299,0.0
U_20263420,C_948120,0.0,辽宁对外经贸学院,2020-09-25 22:23:43,4,E,781,167,0.013888888888888888,0.0,0.05791505791505792,0.05791505791505792,0.05714285714285715,0.01910828025477707,0.06423723946131407
U_30354736,C_1829948,1.0,中国医科大学,2020-06-04 16:29:05,2,C,69,61,0.2777777777777778,0.0,0.8957528957528957,0.8957528957528957,0.43673469387755104,0.13630573248407643,0.0
U_34170243,C_682392,1.0,昆明理工大学,2020-10-01 08:49:33,0,A,476,108,0.013888888888888888,0.0,0.1312741312741313,0.1312741312741313,0.1306122448979592,0.045859872611464965,0.0
U_32578297,C_735164,2.0,昆明理工大学,2020-09-15 10:58:36,0,A,476,138,0.013888888888888888,0.0,0.2084942084942085,0.22007722007722008,0.22040816326530616,0.12484076433121019,0.0
U_17181626,C_1736024,1.0,辽宁对外经贸学院,2020-04-22 11:48:10,4,E,781,14,0.0,0.0,0.0,0.0,0.0,0.0,0.0
U_30459451,C_1829948,0.0,辽宁对外经贸学院,2020-06-11 18:52:55,4,E,781,61,0.5,0.0,0.4749034749034749,0.4749034749034749,0.2938775510204082,0.09171974522292993,0.0
U_5784233,C_735164,0.0,重庆科技学院,2020-10-26 19:01:16,0,A,845,138,0.0,0.0,0.0,0.0,0.0,0.0,0.0
U_6439830,C_1736024,1.0,西北工业大学,2020-05-19 15:28:19,4,E,703,14,0.08333333333333333,0.0,0.34362934362934366,0.5019305019305019,0.31836734693877555,0.14012738853503184,0.0
U_32236962,C_697076,2.0,昆明理工大学,2020-09-08 19:29:02,0,A,476,121,0.0,0.0,0.0,0.0,0.0,0.0,0.0
U_22341471,C_1829948,0.0,中国医科大学,2020-06-04 11:27:11,2,C,69,61,0.3194444444444444,0.0,0.752895752895753,0.752895752895753,0.31428571428571433,0.09808917197452229,0.0
U_26348001,C_1017355,2.0,华南理工大学,2020-04-14 18:15:52,3,D,211,0,0.0,0.0,0.0,0.0,0.0,0.0,0.0
U_3469068,C_735164,0.0,红河学院,2020-10-08 14:38:05,0,A,684,138,0.0,0.0,0.0,0.0,0.0,0.0,0.0
U_22275528,C_948113,2.0,西安思源学院,2020-05-28 16:28:10,0,A,721,166,0.1111111111111111,0.0,0.11196911196911197,0.11196911196911197,0.08571428571428572,0.030573248407643312,0.0
U_6762152,C_1824911,2.0,重庆三峡医药高等专科学校,2020-06-02 10:24:50,4,E,822,57,0.0,0.0,0.0,0.0,0.0,0.0,0.0
U_5643086,C_1824911,2.0,重庆三峡医药高等专科学校,2020-06-03 20:00:14,3,D,822,57,0.08333333333333333,0.0,0.1003861003861004,0.1003861003861004,0.0816326530612245,0.025477707006369425,0.0
U_20986070,C_697107,0.0,辽宁对外经贸学院,2020-06-12 18:11:51,4,E,781,122,0.013888888888888888,0.0,0.02316602316602317,0.02316602316602317,0.02448979591836735,0.007643312101910828,0.0
U_29808111,C_786631,1.0,昆明理工大学,2020-05-07 09:57:04,0,A,476,154,0.027777777777777776,0.0,0.16988416988416988,0.16988416988416988,0.13877551020408163,0.04968152866242038,0.0
U_6758164,C_1824911,2.0,重庆市万州区三峡医高专,2020-06-02 09:50:15,4,E,840,57,0.0,0.0,0.0,0.0,0.0,0.0,0.0
U_14946331,C_674920,0.0,西昌民族幼儿师范高等专科学校,2020-06-04 10:12:56,4,E,751,87,0.0,0.0,0.0,0.0,0.0,0.0,0.0
U_15297835,C_813262,0.0,华南理工大学,2020-06-06 13:53:27,3,D,211,157,0.013888888888888888,0.0,0.02316602316602317,0.02316602316602317,0.00816326530612245,0.0025477707006369425,0.0
U_6758280,C_1824911,2.0,重庆三峡医药高等专科学校,2020-06-04 11:30:31,2,C,822,57,0.09722222222222221,0.0,0.0,0.0,0.0,0.0,0.0
U_17917834,C_786631,1.0,北华航天工业学院,2020-04-23 08:56:38,2,C,186,154,0.041666666666666664,0.0,0.0,0.0,0.0,0.0,0.0
U_30459381,C_1829948,2.0,辽宁对外经贸学院,2020-06-11 18:46:03,4,E,781,61,0.041666666666666664,0.0,0.06563706563706564,0.06563706563706564,0.05306122448979592,0.016560509554140127,0.0
U_2117675,C_680979,0.0,西安交通大学,2020-07-20 10:33:14,4,E,715,100,0.0,0.0,0.10810810810810811,0.10810810810810811,0.07755102040816328,0.033121019108280254,0.0
U_30458039,C_1824911,0.0,昆明理工大学,2020-06-29 19:16:08,0,A,476,57,0.041666666666666664,0.0,0.18146718146718147,0.18146718146718147,0.19183673469387758,0.059872611464968147,0.0
U_33220338,C_697076,2.0,辽宁对外经贸学院,2020-11-19 21:18:15,4,E,781,121,0.0,0.0,0.03861003861003861,0.03861003861003861,0.0326530612244898,0.01019108280254777,0.0
U_31066582,C_682392,0.0,辽宁对外经贸学院,2020-09-14 20:08:49,4,E,781,108,0.08333333333333333,0.0,0.3706563706563707,0.3706563706563707,0.13877551020408163,0.047133757961783436,0.0
U_15350068,C_756642,0.0,华南理工大学,2020-05-08 20:13:00,3,D,211,149,0.0,0.0,0.0,0.0,0.0,0.0,0.0
U_16413287,C_677087,2.0,豫章师范学院,2020-08-21 09:04:34,4,E,759,92,0.0,0.0,0.003861003861003861,0.003861003861003861,0.004081632653061225,0.0012738853503184713,0.0
U_14692961,C_1736024,1.0,辽宁对外经贸学院,2020-04-22 11:19:26,4,E,781,14,0.0,0.0,0.0,0.0,0.0,0.0,0.0
U_4040488,C_735164,1.0,内江师范学院,2020-09-15 11:00:35,0,A,140,138,0.0,0.0,0.0,0.0,0.0,0.0,0.0
U_32879823,C_735164,1.0,昆明理工大学,2020-09-16 11:08:03,0,A,476,138,0.027777777777777776,0.0,0.2084942084942085,0.32432432432432434,0.12244897959183675,0.06624203821656051,0.0
U_12667347,C_948387,0.0,深圳信息职业技术学院,2020-09-01 11:01:54,2,C,610,169,0.0,0.0,0.0,0.0,0.0,0.0,0.0
U_5828838,C_1918363,0.0,信阳职业技术学院,2020-11-12 09:45:44,0,A,130,76,0.027777777777777776,0.0,0.0888030888030888,0.0888030888030888,0.08571428571428572,0.06878980891719745,0.0
U_5277632,C_674920,0.0,西昌民族幼儿师范专科学校,2020-07-08 09:25:34,4,E,748,87,0.013888888888888888,0.0,0.3861003861003861,0.3861003861003861,0.4,0.1286624203821656,0.0
U_29793919,C_766175,2.0,中国医科大学,2020-05-06 12:27:01,2,C,69,151,0.013888888888888888,0.0,0.16602316602316602,0.16602316602316602,0.11836734693877551,0.03694267515923567,0.0
U_19639485,C_1829948,0.0,辽宁对外经贸学院,2020-06-04 14:41:44,4,E,781,61,0.013888888888888888,0.0,0.05405405405405406,0.05405405405405406,0.04489795918367347,0.014012738853503183,0.0
U_6758754,C_1824911,2.0,重庆三峡医药高等专科学校,2020-06-02 10:23:16,4,E,822,57,0.0,0.0,0.0,0.0,0.0,0.0,0.0
U_31148110,C_1806527,1.0,辽宁对外经贸学院,2020-08-07 08:03:23,4,E,781,53,0.0,0.0,0.007722007722007722,0.007722007722007722,0.004081632653061225,0.012738853503184712,0.0
U_32843481,C_735164,1.0,昆明理工大学,2020-09-15 19:51:26,0,A,476,138,0.013888888888888888,0.0,0.11583011583011583,0.1274131274131274,0.12244897959183675,0.06751592356687898,0.0
U_6574894,C_1778562,2.0,南开大学,2020-09-21 23:48:04,4,E,231,49,0.0,0.0,0.007722007722007722,0.007722007722007722,0.00816326530612245,0.0025477707006369425,0.013316001874215928
U_33395647,C_1907852,0.0,辽宁对外经贸学院,2020-09-22 17:22:23,4,E,781,71,0.0,0.0,0.0,0.0,0.0,0.0,0.0
U_3805420,C_1017355,0.0,广州中医药大学,2020-04-17 17:15:16,3,D,423,0,0.027777777777777776,0.0,0.0,0.0,0.0,0.0,0.0
U_6758653,C_1824911,2.0,重庆三峡医药高等专科学校,2020-06-10 18:12:06,4,E,822,57,0.18055555555555555,0.0,0.16988416988416988,0.16988416988416988,0.06938775510204082,0.02165605095541401,0.0
U_33007341,C_735164,2.0,昆明理工大学,2020-09-17 10:14:39,0,A,476,138,0.013888888888888888,0.0,0.2084942084942085,0.2084942084942085,0.22040816326530616,0.12484076433121019,0.0
U_5245118,C_674920,0.0,辽宁对外经贸学院,2020-07-01 16:29:05,4,E,781,87,0.08333333333333333,0.0,0.11583011583011583,0.11583011583011583,0.04489795918367347,0.014012738853503183,0.0
U_12721041,C_735385,1.0,重庆大学,2020-09-01 11:01:30,3,D,835,146,0.0,0.0,0.11196911196911197,0.11196911196911197,0.07755102040816328,0.024203821656050954,0.0
U_1298953,C_735164,0.0,昆明医科大学,2020-10-26 21:01:07,0,A,471,138,0.027777777777777776,0.0,0.0,0.0,0.0,0.0,0.001900364262934357
U_33344149,C_697076,1.0,辽宁对外经贸学院,2020-11-17 11:38:18,4,E,781,121,0.0,0.0,0.019305019305019305,0.019305019305019305,0.00816326530612245,0.0025477707006369425,0.0
U_14380554,C_1750793,2.0,北京体育大学,2020-06-03 00:14:43,0,A,159,17,0.09722222222222221,0.0,0.05791505791505792,0.05791505791505792,0.0489795918367347,0.030573248407643312,0.0
U_6509831,C_1824911,2.0,重庆三峡医药高等专科学校,2020-06-05 21:34:33,4,E,822,57,0.16666666666666666,0.0,0.07335907335907337,0.07335907335907337,0.06938775510204082,0.02165605095541401,0.0
U_6818509,C_756642,2.0,玉林市第一人民医院,2020-05-11 16:30:44,1,B,658,149,0.0,0.0,0.019305019305019305,0.019305019305019305,0.00816326530612245,0.0025477707006369425,0.0
U_1708709,C_735164,0.0,四川轻化工大学,2020-11-22 17:48:28,0,A,292,138,0.0,0.0,0.019305019305019305,0.019305019305019305,0.020408163265306124,0.01019108280254777,0.0
U_33650493,C_697076,2.0,辽宁对外经贸学院,2020-10-13 10:16:21,4,E,781,121,0.013888888888888888,0.0,0.11583011583011583,0.11583011583011583,0.0653061224489796,0.02038216560509554,0.028375024561297438
U_30492358,C_823315,2.0,辽宁对外经贸学院,2020-06-13 20:39:42,4,E,781,158,0.0,0.0,0.0,0.0,0.0,0.0,0.0
U_30634691,C_1829948,2.0,中国医科大学,2020-06-21 11:50:56,2,C,69,61,0.20833333333333331,0.0,0.2007722007722008,0.2007722007722008,0.17142857142857143,0.05350318471337579,0.0
U_4824050,C_682392,0.0,陕西工业职业技术学院,2020-09-14 19:45:24,2,C,876,108,0.2222222222222222,0.0,0.9420849420849421,0.9420849420849421,0.5183673469387755,0.21401273885350316,0.0
U_14177025,C_735385,1.0,南京理工大学,2020-08-28 10:38:56,4,E,224,146,0.0,0.0,0.2007722007722008,0.2007722007722008,0.15510204081632656,0.04840764331210191,0.27055213796647576
U_30348537,C_1829948,2.0,中国医科大学,2020-06-04 10:35:42,2,C,69,61,0.3194444444444444,0.0,0.7027027027027027,0.7027027027027027,0.6489795918367347,0.20254777070063693,0.0
U_33656774,C_697076,2.0,辽宁对外经贸学院,2020-09-25 10:36:39,4,E,781,121,0.0,0.0,0.19305019305019305,0.19305019305019305,0.08979591836734695,0.028025477707006367,0.01867187618083161
U_30155240,C_766175,1.0,中国医科大学,2020-05-28 11:51:40,2,C,69,151,0.0,0.0,0.09652509652509653,0.09652509652509653,0.06938775510204082,0.02165605095541401,0.0
U_19397390,C_1738818,0.0,安徽工业大学,2020-06-15 20:16:04,0,A,344,15,0.08333333333333333,0.0,0.13513513513513514,0.13513513513513514,0.10612244897959185,0.057324840764331204,0.0
U_33220825,C_697076,2.0,辽宁对外经贸学院,2020-09-23 19:30:17,0,A,781,121,0.0,0.0,0.0,0.0,0.0,0.0,0.0
U_5795209,C_1824911,2.0,重庆三峡医药高等专科学校,2020-06-20 11:43:30,0,A,822,57,0.1111111111111111,0.0,0.18146718146718147,0.18146718146718147,0.14285714285714288,0.044585987261146494,0.0
U_2104157,C_1828106,0.0,Hust,2020-08-27 20:19:06,4,E,20,59,0.0,0.0,0.019305019305019305,0.019305019305019305,0.012244897959183675,0.07643312101910828,0.20933782742098822
U_6987797,C_756642,2.0,昆明理工大学,2020-05-11 17:49:21,0,A,476,149,0.0,0.0,0.019305019305019305,0.019305019305019305,0.020408163265306124,0.008917197452229299,0.0
U_10910982,C_676646,2.0,天津商业大学,2020-08-11 00:22:41,4,E,316,90,0.0,0.0,0.03861003861003861,0.03861003861003861,0.04081632653061225,0.012738853503184712,0.0
U_5256553,C_674920,0.0,西昌民族幼儿师范高等专科学校,2020-07-06 16:23:28,4,E,751,87,0.0,0.0,0.003861003861003861,0.003861003861003861,0.0,0.0,0.0
U_3099939,C_680979,0.0,西安交通大学医学部,2020-07-20 12:12:15,4,E,716,100,0.0,0.0,0.08108108108108109,0.08108108108108109,0.06938775510204082,0.025477707006369425,0.0
U_6510003,C_1824911,2.0,重庆三峡医药高等专科学校,2020-06-06 00:59:11,4,E,822,57,0.19444444444444442,0.0,0.11196911196911197,0.11196911196911197,0.10204081632653061,0.03184713375796178,0.0
U_9078392,C_735164,2.0,西北师范大学,2020-09-16 13:47:44,0,A,705,138,0.0,0.0,0.0,0.0,0.0,0.0,0.0
U_11283389,C_936971,0.0,汉江师范学院,2020-07-20 14:19:21,4,E,519,162,0.0,0.0,0.05791505791505792,0.05791505791505792,0.05714285714285715,0.025477707006369425,0.0
U_15218694,C_948120,1.0,中国农业大学,2020-10-07 12:36:13,0,A,67,167,0.041666666666666664,0.0,0.019305019305019305,0.019305019305019305,0.020408163265306124,0.006369426751592356,0.0
U_33062028,C_735164,1.0,昆明理工大学,2020-09-17 18:37:23,0,A,476,138,0.013888888888888888,0.0,0.0,0.0,0.0,0.0,0.0022671966868699077
U_30360751,C_677087,2.0,广州中医药大学,2020-09-27 12:39:18,1,B,423,92,0.0,0.0,0.0,0.0,0.0,0.0,0.0
U_31035137,C_697076,2.0,中国医科大学,2020-07-21 18:13:30,2,C,69,121,0.0,0.0,0.7027027027027027,0.7027027027027027,0.5918367346938777,0.22038216560509552,0.0
U_2104130,C_1828106,2.0,华中科技大学,2020-08-29 15:51:37,4,E,200,59,0.0,0.0,0.0,0.0,0.0,0.0,0.0
U_32879871,C_735164,1.0,昆明理工大学,2020-09-16 11:10:25,0,A,476,138,0.0,0.0,0.05405405405405406,0.06177606177606178,0.05714285714285715,0.033121019108280254,0.0
U_10910435,C_676646,2.0,天津商业大学,2020-08-11 08:19:31,4,E,316,90,0.0,0.0,0.03861003861003861,0.03861003861003861,0.0326530612244898,0.01019108280254777,0.0
U_20938571,C_948120,0.0,中国农业大学,2020-09-27 16:31:24,2,C,67,167,0.0,0.0,0.1003861003861004,0.1003861003861004,0.10612244897959185,0.035668789808917196,0.000755732228956634
U_30365544,C_1829948,0.0,华南理工大学,2020-06-05 10:46:03,3,D,211,61,0.0,0.0,0.015444015444015444,0.015444015444015444,0.004081632653061225,0.0012738853503184713,0.0
U_12980613,C_1992950,0.0,华南农业大学,2020-10-13 18:35:22,4,E,209,83,0.0,0.0,0.019305019305019305,0.019305019305019305,0.012244897959183675,0.07643312101910828,0.0
U_30495758,C_813262,1.0,辽宁对外经贸学院,2020-06-14 11:25:22,4,E,781,157,0.1388888888888889,0.5,0.23166023166023167,0.23166023166023167,0.2326530612244898,0.16050955414012738,0.0
U_7374689,C_1824911,2.0,重庆三峡医药高等专科学校,2020-06-10 18:09:03,4,E,822,57,0.09722222222222221,0.0,0.1312741312741313,0.1312741312741313,0.13877551020408163,0.04331210191082802,0.0
U_33014158,C_735164,2.0,昆明理工大学,2020-09-17 13:19:45,0,A,476,138,0.0,0.0,0.0,0.0,0.0,0.0,0.0
U_9811858,C_735197,1.0,华南理工大学,2020-09-24 11:28:50,3,D,211,141,0.013888888888888888,0.0,0.019305019305019305,0.019305019305019305,0.0163265306122449,0.005095541401273885,0.0
U_23163871,C_735164,2.0,辽宁对外经贸学院,2020-11-26 23:00:15,4,E,781,138,0.0,0.0,0.003861003861003861,0.003861003861003861,0.004081632653061225,0.0025477707006369425,0.0
U_22293731,C_1829948,0.0,北方民族大学,2020-06-04 20:05:13,3,D,190,61,0.013888888888888888,0.0,0.015444015444015444,0.015444015444015444,0.012244897959183675,0.003821656050955414,0.0
U_989828,C_735164,2.0,昆明理工大学,2020-09-26 09:08:01,0,A,476,138,0.0,0.0,0.011583011583011584,0.015444015444015444,0.00816326530612245,0.005095541401273885,0.0
U_5235947,C_674920,0.0,西昌民族幼儿师范高等专科学校,2020-06-04 12:17:52,4,E,751,87,0.05555555555555555,0.0,0.0,0.0,0.0,0.0,0.0
U_7002980,C_756642,1.0,辽宁对外经贸学院,2020-05-12 10:50:56,4,E,781,149,0.013888888888888888,0.0,0.05405405405405406,0.05405405405405406,0.02448979591836735,0.007643312101910828,0.0
U_31683217,C_682392,0.0,昆明理工大学,2020-09-14 20:02:46,0,A,476,108,0.1111111111111111,0.0,0.011583011583011584,0.011583011583011584,0.0,0.0,0.0
U_19952141,C_948436,2.0,王佳宁,2020-05-29 13:03:48,4,E,662,171,0.013888888888888888,0.0,0.11196911196911197,0.11196911196911197,0.09387755102040818,0.01910828025477707,0.0
U_5643132,C_1824911,2.0,重庆三峡医药高等专科学校,2020-06-04 12:38:25,3,D,822,57,0.1388888888888889,0.0,0.1312741312741313,0.1312741312741313,0.05714285714285715,0.017834394904458598,0.0
U_6987796,C_756642,2.0,玉林市第一人民医院,2020-05-11 18:34:09,0,A,658,149,0.0,0.0,0.019305019305019305,0.019305019305019305,0.004081632653061225,0.0012738853503184713,0.0
U_3299920,C_735164,0.0,遵义医学院,2020-10-25 09:44:34,0,A,800,138,0.027777777777777776,0.0,0.0,0.0,0.0,0.0,0.09327247169782804
U_33224723,C_697076,2.0,辽宁对外经贸学院,2020-09-24 14:07:10,0,A,781,121,0.0,0.0,0.05791505791505792,0.05791505791505792,0.06122448979591837,0.022929936305732482,0.0
U_25229713,C_682392,0.0,昆明理工大学,2020-07-30 20:59:47,0,A,476,108,0.0,0.0,0.0,0.0,0.0,0.0,0.0
U_29682072,C_1714448,1.0,辽宁对外经贸学院,2020-04-27 12:34:56,4,E,781,8,0.0,0.0,0.0,0.0,0.0,0.0,0.0
U_29494995,C_735385,1.0,昆明理工大学,2020-04-21 09:14:37,0,A,476,146,0.0,0.0,0.0,0.0,0.0,0.0,0.0
U_33246427,C_697076,2.0,辽宁对外经贸学院,2020-11-17 22:19:51,4,E,781,121,0.0,0.0,0.19305019305019305,0.19305019305019305,0.0979591836734694,0.033121019108280254,0.0
U_32885326,C_735164,1.0,昆明理工大学,2020-09-16 10:32:00,3,D,476,138,0.0,0.0,0.11583011583011583,0.16988416988416988,0.08571428571428572,0.045859872611464965,0.08014918154199605
U_5199943,C_674920,2.0,西昌民族幼儿师范高等专科学校,2020-06-04 09:49:09,4,E,751,87,0.0,0.0,0.07722007722007722,0.07722007722007722,0.0816326530612245,0.025477707006369425,0.0
U_6758158,C_1824911,2.0,重庆三峡医药高等专科学校,2020-06-02 09:50:03,4,E,822,57,0.1388888888888889,0.0,0.1312741312741313,0.1312741312741313,0.13877551020408163,0.04331210191082802,0.0
U_33343385,C_697076,2.0,辽宁对外经贸学院,2020-11-23 14:54:35,4,E,781,121,0.0,0.0,0.019305019305019305,0.019305019305019305,0.020408163265306124,0.007643312101910828,0.0
U_31397367,C_674959,0.0,辽宁对外经贸学院,2020-08-23 11:26:54,4,E,781,88,0.0,0.0,0.05791505791505792,0.05791505791505792,0.0163265306122449,0.005095541401273885,0.0
U_8680330,C_735164,1.0,南京工业大学,2020-11-20 10:11:37,0,A,220,138,0.0,0.0,0.04633204633204634,0.05405405405405406,0.0489795918367347,0.025477707006369425,0.0
U_11064818,C_676646,1.0,天津商业大学,2020-08-11 00:27:44,4,E,316,90,0.0,0.0,0.0,0.0,0.0,0.0,0.0
U_32538987,C_735164,2.0,昆明理工大学,2020-09-20 15:17:42,0,A,476,138,0.013888888888888888,0.0,0.05405405405405406,0.07722007722007722,0.04489795918367347,0.025477707006369425,0.0
U_32697222,C_735164,2.0,昆明理工大学,2020-09-16 23:11:59,0,A,476,138,0.013888888888888888,0.0,0.2084942084942085,0.22393822393822393,0.22040816326530616,0.12484076433121019,0.0
U_5581730,C_1824911,0.0,重庆三峡医药高等专科学校,2020-06-02 09:50:08,4,E,822,57,0.0,0.0,0.0,0.0,0.0,0.0,0.0
U_2049592,C_735164,0.0,昆明理工大学,2020-09-15 13:49:46,0,A,476,138,0.013888888888888888,0.0,0.03861003861003861,0.04247104247104247,0.04081632653061225,0.022929936305732482,0.07410090536721028
U_29652300,C_1714448,1.0,辽宁对外经贸学院,2020-04-26 00:51:29,4,E,781,8,0.0,0.0,0.0,0.0,0.0,0.0,0.0
U_12133964,C_1829948,1.0,中国医科大学,2020-06-11 17:50:59,2,C,69,61,0.09722222222222221,0.0,0.0694980694980695,0.0694980694980695,0.05714285714285715,0.017834394904458598,0.0
U_16637902,C_1844112,2.0,内蒙古大学,2020-08-19 08:12:10,0,A,145,63,0.0,0.0,0.3861003861003861,0.48262548262548266,0.3346938775510204,0.4038216560509554,0.006952736506401051
U_11616026,C_1778562,1.0,南开大学,2020-09-18 20:31:28,3,D,231,49,0.013888888888888888,0.0,0.007722007722007722,0.007722007722007722,0.00816326530612245,0.0025477707006369425,0.0
U_34041554,C_735164,0.0,辽宁对外经贸学院,2020-09-29 13:47:39,4,E,781,138,0.0,0.0,0.015444015444015444,0.02316602316602317,0.00816326530612245,0.005095541401273885,0.0
U_30833550,C_735283,2.0,辽宁对外经贸学院,2020-07-03 16:25:09,4,E,781,143,0.0,0.0,0.03088803088803089,0.03088803088803089,0.020408163265306124,0.006369426751592356,0.0
U_5643194,C_1824911,2.0,重庆三峡医药高等专科学校,2020-06-03 19:59:17,4,E,822,57,0.15277777777777776,0.0,0.1312741312741313,0.1312741312741313,0.0979591836734694,0.030573248407643312,0.0
U_33366241,C_697076,2.0,辽宁对外经贸大学,2020-11-14 14:28:33,4,E,778,121,0.0,0.0,0.07722007722007722,0.07722007722007722,0.05306122448979592,0.01910828025477707,0.0
U_15494233,C_674959,1.0,辽宁对外经贸学院,2020-08-27 07:01:31,4,E,781,88,0.0,0.0,0.0694980694980695,0.0694980694980695,0.0326530612244898,0.01019108280254777,0.004131336184962943
U_14547625,C_674920,2.0,云南师范大学,2020-05-01 22:04:07,4,E,110,87,0.0,0.0,0.03861003861003861,0.03861003861003861,0.036734693877551024,0.011464968152866241,0.0
U_31090880,C_682392,0.0,中国医科大学,2020-08-02 11:23:14,2,C,69,108,0.06944444444444445,0.0,0.23938223938223938,0.23938223938223938,0.2163265306122449,0.08025477707006369,0.0
U_1812481,C_697076,1.0,昆明理工大学,2020-09-23 19:52:48,2,C,476,121,0.013888888888888888,0.0,0.8532818532818534,0.8532818532818534,0.6938775510204083,0.2662420382165605,0.10447499282054384
U_21103987,C_948120,0.0,中国农业大学,2020-09-23 10:56:21,1,B,67,167,0.013888888888888888,0.0,0.05791505791505792,0.05791505791505792,0.06122448979591837,0.02038216560509554,0.0
U_32878433,C_735164,2.0,昆明理工大学,2020-10-20 11:07:16,0,A,476,138,0.027777777777777776,0.0,0.10810810810810811,0.1274131274131274,0.10612244897959185,0.06496815286624204,0.0
U_5199988,C_674920,2.0,西昌民族幼儿师范高等专科学校,2020-06-04 09:03:14,4,E,751,87,0.0,0.0,0.0,0.0,0.0,0.0,0.0
U_30969763,C_674920,2.0,辽宁对外经贸学院,2020-07-15 23:03:48,4,E,781,87,0.0,0.0,0.03861003861003861,0.03861003861003861,0.02448979591836735,0.007643312101910828,0.0
U_17988216,C_786631,1.0,北华航天工业学院,2020-04-22 23:06:47,0,A,186,154,0.013888888888888888,0.0,0.0,0.0,0.0,0.0,0.0
U_9811153,C_735197,1.0,华南理工大学,2020-09-24 11:26:13,2,C,211,141,0.09722222222222221,0.0,0.14285714285714285,0.14285714285714285,0.10612244897959185,0.034394904458598725,0.0
U_11064745,C_676646,0.0,天津商业大学,2020-08-11 14:20:50,4,E,316,90,0.0,0.0,0.019305019305019305,0.019305019305019305,0.012244897959183675,0.003821656050955414,0.0
U_5740609,C_735197,0.0,华南理工大学,2020-09-24 15:10:20,3,D,211,141,0.09722222222222221,0.0,0.09652509652509653,0.09652509652509653,0.0816326530612245,0.033121019108280254,0.0
U_4602294,C_735197,1.0,华南理工大学,2020-09-29 20:42:31,4,E,211,141,0.0,0.0,0.0,0.0,0.0,0.0,0.0
U_20254039,C_948120,0.0,中国农业大学,2020-09-30 23:17:17,0,A,67,167,0.0,0.0,0.0,0.0,0.0,0.0,0.0
U_33606064,C_697076,1.0,昆明理工大学,2020-09-24 16:20:09,0,A,476,121,0.0,0.0,0.2895752895752896,0.2895752895752896,0.22448979591836737,0.07770700636942675,0.0
U_29031365,C_674920,0.0,辽宁对外经贸学院,2020-05-14 10:30:56,4,E,781,87,0.0,0.0,0.03861003861003861,0.03861003861003861,0.028571428571428574,0.008917197452229299,0.0
U_29658614,C_1714448,1.0,辽宁对外经贸学院,2020-04-26 11:54:25,4,E,781,8,0.0,0.0,0.0,0.0,0.0,0.0,0.0
U_30440293,C_1824911,0.0,辽宁对外经贸学院,2020-06-10 18:11:10,4,E,781,57,0.20833333333333331,0.0,0.1312741312741313,0.1312741312741313,0.13877551020408163,0.04331210191082802,0.0
U_12918120,C_1829948,2.0,北方民族大学,2020-06-12 09:56:29,1,B,190,61,0.027777777777777776,0.0,0.0888030888030888,0.0888030888030888,0.036734693877551024,0.011464968152866241,0.0
U_33224574,C_697076,1.0,辽宁对外经贸学院,2020-09-27 18:17:54,4,E,781,121,0.0,0.0,0.05791505791505792,0.05791505791505792,0.06122448979591837,0.022929936305732482,0.0
U_33219013,C_697076,2.0,辽宁对外经贸学院,2020-09-24 10:46:53,2,C,781,121,0.0,0.0,0.0,0.0,0.0,0.0,0.0
U_12604961,C_682392,0.0,昆明理工大学,2020-09-03 09:49:42,0,A,476,108,0.013888888888888888,0.0,0.03861003861003861,0.03861003861003861,0.0326530612244898,0.01019108280254777,0.0
U_32725490,C_735164,1.0,昆明理工大学,2020-09-15 09:09:18,0,A,476,138,0.013888888888888888,0.0,0.03861003861003861,0.06177606177606178,0.028571428571428574,0.015286624203821656,0.0
U_14946344,C_674920,0.0,西昌民族幼儿师范高等专科学校,2020-06-11 16:46:18,4,E,751,87,0.09722222222222221,0.0,0.03861003861003861,0.03861003861003861,0.04081632653061225,0.012738853503184712,0.0
U_6766165,C_1824911,2.0,三峡医专,2020-06-02 09:50:52,4,E,35,57,0.0,0.0,0.0,0.0,0.0,0.0,0.0
U_21134640,C_1844112,0.0,内蒙古大学,2020-08-19 08:07:22,0,A,145,63,0.0,0.0,0.2895752895752896,0.2972972972972973,0.3020408163265306,0.375796178343949,0.19981560133613457
U_24745877,C_1829948,1.0,北方民族大学,2020-06-04 18:45:43,2,C,190,61,0.3333333333333333,0.0,0.6177606177606177,0.6177606177606177,0.5346938775510205,0.16687898089171974,0.0
U_6758508,C_1824911,2.0,重庆三峡医药高等专科学校,2020-06-10 22:45:42,4,E,822,57,0.19444444444444442,0.0,0.11196911196911197,0.11196911196911197,0.09387755102040818,0.029299363057324838,0.0
U_14527660,C_948120,0.0,华中农业大学,2020-08-18 15:19:48,4,E,198,167,0.0,0.0,0.0,0.0,0.0,0.0,0.0
U_29799707,C_766175,2.0,辽宁对外经贸学院,2020-05-28 12:09:37,4,E,781,151,0.027777777777777776,0.0,0.04247104247104247,0.04247104247104247,0.012244897959183675,0.003821656050955414,0.0
U_32753764,C_735164,1.0,昆明理工大学,2020-10-20 08:48:19,0,A,476,138,0.013888888888888888,0.0,0.2084942084942085,0.23552123552123552,0.2122448979591837,0.12101910828025476,0.10277958313810251
U_25384417,C_735197,2.0,辽宁对外经贸学院,2020-09-09 19:03:33,4,E,781,141,0.041666666666666664,0.0,0.14285714285714285,0.14285714285714285,0.0979591836734694,0.030573248407643312,0.0
U_17894925,C_786631,1.0,北华航天工业学院,2020-04-23 10:42:28,0,A,186,154,0.027777777777777776,0.0,0.0,0.0,0.0,0.0,0.0
U_14427019,C_747056,1.0,宝鸡文理学院,2020-05-11 09:56:45,4,E,356,147,0.0,0.0,0.05405405405405406,0.05405405405405406,0.05714285714285715,0.02165605095541401,0.0
U_30333665,C_1750793,1.0,昆明理工大学,2020-06-03 11:07:50,0,A,476,17,0.027777777777777776,0.0,0.03474903474903475,0.03474903474903475,0.036734693877551024,0.022929936305732482,0.0
U_5235994,C_674920,1.0,西昌民族幼儿师范高等专科学校,2020-06-04 12:28:15,4,E,751,87,0.0,0.0,0.07722007722007722,0.07722007722007722,0.05306122448979592,0.016560509554140127,0.0
U_33306038,C_735164,2.0,昆明理工大学,2020-09-21 19:11:21,0,A,476,138,0.0,0.0,0.0,0.0,0.0,0.0,0.024984205196414814
U_26363003,C_948395,2.0,西安美术学院,2020-05-12 16:11:20,2,C,727,170,0.05555555555555555,0.0,0.03861003861003861,0.03861003861003861,0.0326530612244898,0.025477707006369425,0.0
U_2208038,C_1914506,0.0,Tongji University,2020-07-30 20:58:52,4,E,25,75,0.0,0.0,0.02702702702702703,0.02702702702702703,0.020408163265306124,0.01019108280254777,0.0
U_6758877,C_1824911,2.0,重庆三峡医专高等专科学校,2020-06-02 10:23:51,4,E,815,57,0.0,0.0,0.02702702702702703,0.02702702702702703,0.02448979591836735,0.007643312101910828,0.0
U_4516904,C_735197,2.0,华南理工大学,2020-10-19 22:00:31,4,E,211,141,0.1111111111111111,0.0,0.09652509652509653,0.09652509652509653,0.07346938775510205,0.024203821656050954,0.009450431523102732
U_30625798,C_1864065,0.0,中国医科大学,2020-06-20 11:30:51,2,C,69,67,0.0,0.0,0.1776061776061776,0.1776061776061776,0.07755102040816328,0.047133757961783436,0.0
U_33554898,C_697076,2.0,辽宁对外经贸学院,2020-10-08 10:16:03,4,E,781,121,0.0,0.0,0.11583011583011583,0.11583011583011583,0.11836734693877551,0.04331210191082802,0.0
U_11064816,C_676646,2.0,天津商业大学,2020-08-11 14:09:13,4,E,316,90,0.0,0.0,0.019305019305019305,0.019305019305019305,0.0163265306122449,0.005095541401273885,0.0
U_23165789,C_823315,1.0,西安石油大学,2020-06-12 08:17:58,4,E,725,158,0.013888888888888888,0.0,0.02702702702702703,0.02702702702702703,0.02448979591836735,0.008917197452229299,0.0
U_13009004,C_1829948,0.0,北方民族大学,2020-06-05 10:48:41,4,E,190,61,0.013888888888888888,0.0,0.015444015444015444,0.015444015444015444,0.004081632653061225,0.0012738853503184713,0.0
U_30424003,C_1829948,0.0,辽宁对外经贸学院,2020-06-09 18:32:45,4,E,781,61,0.05555555555555555,0.0,0.17374517374517376,0.17374517374517376,0.08979591836734695,0.028025477707006367,0.0
U_29682516,C_747056,2.0,华南理工大学,2020-04-27 16:50:20,3,D,211,147,0.0,0.0,0.0,0.0,0.0,0.0,0.0
U_33146792,C_735164,1.0,昆明理工大学,2020-09-19 18:04:11,0,A,476,138,0.0,0.0,0.0,0.0,0.0,0.0,0.0
U_21053384,C_1844112,2.0,内蒙古大学,2020-08-19 07:58:38,0,A,145,63,0.0,0.0,0.752895752895753,0.7567567567567568,0.7795918367346939,0.9617834394904458,0.056339837668717224
U_11985219,C_1714448,0.0,中国医科大学,2020-05-08 15:34:50,2,C,69,8,0.0,0.0,0.2972972972972973,0.2972972972972973,0.25306122448979596,0.07898089171974522,0.0
U_2214517,C_735164,0.0,西南林业大学,2020-10-06 13:55:13,0,A,711,138,0.013888888888888888,0.0,0.2084942084942085,0.23166023166023167,0.22040816326530616,0.12484076433121019,0.0
U_30356413,C_1829948,1.0,辽宁对外经贸学院,2020-06-04 18:13:43,4,E,781,61,0.0,0.0,0.17374517374517376,0.17374517374517376,0.1142857142857143,0.035668789808917196,0.0
U_29023897,C_1824911,0.0,辽宁对外经贸学院,2020-06-12 11:05:44,4,E,781,57,0.013888888888888888,0.0,0.015444015444015444,0.015444015444015444,0.00816326530612245,0.0025477707006369425,0.0
U_6766410,C_1824911,2.0,重庆三峡医药高等专科学校,2020-06-02 10:24:26,4,E,822,57,0.0,0.0,0.1312741312741313,0.1312741312741313,0.1346938775510204,0.04203821656050955,0.0
U_30607645,C_1829948,0.0,辽宁对外经贸学院,2020-06-18 22:28:45,4,E,781,61,0.0,0.0,0.0,0.0,0.0,0.0,0.0
U_11064824,C_676646,1.0,天津商业大学,2020-08-11 08:20:44,4,E,316,90,0.0,0.0,0.019305019305019305,0.019305019305019305,0.020408163265306124,0.006369426751592356,0.0
U_18391224,C_697367,2.0,广州中医药大学,2020-04-17 21:42:25,1,B,423,127,0.0,0.0,0.0,0.0,0.0,0.0,0.0
U_4602310,C_735197,1.0,华南理工大学,2020-09-30 13:06:34,4,E,211,141,0.0,0.0,0.0,0.0,0.0,0.0,0.0
U_33103839,C_735164,1.0,昆明理工大学,2020-09-18 14:01:42,0,A,476,138,0.013888888888888888,0.0,0.13513513513513514,0.14671814671814673,0.13877551020408163,0.07388535031847134,0.05356758583435435
U_5076059,C_1864065,2.0,湖北理工学院,2020-06-20 11:57:38,4,E,631,67,0.0,0.0,0.0,0.0,0.0,0.0,0.0
U_14768583,C_1736024,0.0,辽宁对外经贸学院,2020-04-14 10:28:33,4,E,781,14,0.0,0.0,0.0,0.0,0.0,0.0,0.0
U_14411555,C_735115,1.0,昆明理工大学,2020-05-12 08:48:37,0,A,476,136,0.027777777777777776,0.0,0.5019305019305019,0.5019305019305019,0.4244897959183674,0.16942675159235668,0.0
U_34431232,C_697076,2.0,辽宁对外经贸学院,2020-10-08 10:22:40,4,E,781,121,0.013888888888888888,0.0,0.21235521235521235,0.21235521235521235,0.20816326530612247,0.0751592356687898,0.0
U_1892221,C_735164,2.0,西南交通大学希望学院,2020-10-21 10:24:43,0,A,709,138,0.0,0.0,0.1274131274131274,0.15057915057915058,0.1306122448979592,0.07133757961783439,0.0052901256026964515
U_33220343,C_697076,1.0,辽宁对外经贸学院,2020-11-22 15:11:16,4,E,781,121,0.0,0.0,0.019305019305019305,0.019305019305019305,0.020408163265306124,0.007643312101910828,0.0
U_28642291,C_707079,1.0,辽宁对外经贸学院,2020-05-24 21:17:07,4,E,781,132,0.0,0.0,0.21235521235521235,0.21235521235521235,0.12244897959183675,0.05222929936305732,0.0
U_16292879,C_948120,2.0,中国农业大学,2020-10-08 21:05:57,0,A,67,167,0.013888888888888888,0.0,0.23552123552123552,0.23552123552123552,0.2489795918367347,0.09171974522292993,0.0
U_33200374,C_697076,2.0,辽宁对外经贸学院,2020-11-22 11:59:09,4,E,781,121,0.0,0.0,0.07722007722007722,0.07722007722007722,0.04489795918367347,0.016560509554140127,0.0
U_29742084,C_948113,1.0,华南理工大学,2020-04-30 15:48:22,3,D,211,166,0.013888888888888888,0.0,0.0,0.0,0.0,0.0,0.0
U_33224739,C_697076,2.0,辽宁对外经贸学院,2020-09-24 14:09:51,0,A,781,121,0.0,0.0,0.23166023166023167,0.23166023166023167,0.23673469387755103,0.09044585987261146,0.0
U_5643095,C_1824911,2.0,重庆三峡医药高等专科学校,2020-06-03 20:00:22,3,D,822,57,0.0,0.0,0.0,0.0,0.0,0.0,0.0
U_21094451,C_948120,2.0,中国农业大学,2020-09-23 10:51:45,1,B,67,167,0.0,0.0,0.0,0.0,0.0,0.0,0.0
U_33454496,C_697076,2.0,辽宁对外经贸学院,2020-11-16 16:26:56,4,E,781,121,0.0,0.0,0.11583011583011583,0.11583011583011583,0.0816326530612245,0.028025477707006367,0.0
U_2024021,C_1750793,2.0,北京体育大学,2020-05-13 13:04:08,0,A,159,17,0.0,0.0,0.07335907335907337,0.07335907335907337,0.07755102040816328,0.04840764331210191,0.0
U_6075881,C_1829948,2.0,北方民族大学,2020-06-05 12:08:33,3,D,190,61,0.16666666666666666,0.0,0.2084942084942085,0.2084942084942085,0.163265306122449,0.05095541401273885,0.0
U_33319192,C_1912004,0.0,辽宁对外经贸学院,2020-09-21 21:52:46,4,E,781,74,0.0,0.0,0.011583011583011584,0.011583011583011584,0.012244897959183675,0.003821656050955414,0.0
U_16060123,C_1682756,2.0,宁波诺丁汉大学,2020-04-17 19:29:05,4,E,338,6,0.013888888888888888,0.0,0.0,0.0,0.0,0.0,0.0
U_10407981,C_676646,2.0,天津商业大学,2020-08-17 16:49:53,4,E,316,90,0.0,0.0,0.03861003861003861,0.03861003861003861,0.0326530612244898,0.01019108280254777,0.010353531536705913
U_4537216,C_735197,2.0,华南理工大学,2020-09-15 18:48:35,3,D,211,141,0.0,0.0,0.0,0.0,0.0,0.0,0.0
U_5323491,C_735164,2.0,桂林理工大学,2020-10-27 10:39:28,0,A,497,138,0.0,0.0,0.03861003861003861,0.03861003861003861,0.04081632653061225,0.022929936305732482,0.09156073819924125
U_14655066,C_786631,1.0,北华航天工业学院,2020-05-01 09:34:12,0,A,186,154,0.013888888888888888,0.0,0.05791505791505792,0.05791505791505792,0.05306122448979592,0.02038216560509554,0.0
U_26395231,C_1829948,0.0,北方民族大学,2020-06-11 18:24:38,4,E,190,61,0.125,0.0,0.41312741312741313,0.41312741312741313,0.35510204081632657,0.110828025477707,0.0
U_10808327,C_735164,0.0,承德石油高等专科学校,2020-11-14 10:33:57,0,A,456,138,0.013888888888888888,0.0,0.08494208494208494,0.08494208494208494,0.08979591836734695,0.047133757961783436,0.0
U_15365241,C_697076,1.0,泽大教育,2020-09-27 16:21:55,0,A,590,121,0.0,0.0,0.019305019305019305,0.019305019305019305,0.020408163265306124,0.007643312101910828,0.0
U_31067403,C_682392,1.0,广州中医药大学,2020-07-30 21:10:02,1,B,423,108,0.0,0.0,0.03861003861003861,0.03861003861003861,0.00816326530612245,0.0025477707006369425,0.0
U_11903058,C_707358,0.0,深圳职业技术学院,2020-05-09 21:02:42,0,A,611,134,0.041666666666666664,0.0,0.09652509652509653,0.12355212355212356,0.0979591836734694,0.030573248407643312,0.0
U_34686938,C_735197,0.0,广州中医药大学,2020-10-10 23:25:51,1,B,423,141,0.013888888888888888,0.0,0.04633204633204634,0.04633204633204634,0.020408163265306124,0.006369426751592356,0.0
U_31113238,C_1912004,1.0,辽宁对外经贸学院,2020-09-11 20:01:19,4,E,781,74,0.0,0.0,0.011583011583011584,0.011583011583011584,0.012244897959183675,0.003821656050955414,0.0
U_12918178,C_1829948,0.0,北方民族大学,2020-06-05 10:38:32,2,C,190,61,0.25,0.0,0.1274131274131274,0.1274131274131274,0.09387755102040818,0.029299363057324838,0.0
U_6159292,C_735197,1.0,华南理工大学,2020-10-21 20:20:57,3,D,211,141,0.0,0.0,0.0,0.0,0.0,0.0,0.07477970405525915
U_34582102,C_735164,2.0,昆明理工大学,2020-10-09 20:24:18,0,A,476,138,0.013888888888888888,0.0,0.0,0.0,0.0,0.0,0.03589433536479667
U_31066858,C_682392,0.0,中国医科大学,2020-09-14 19:58:30,2,C,69,108,0.041666666666666664,0.0,0.25096525096525096,0.25096525096525096,0.08571428571428572,0.03184713375796178,0.0
U_4516942,C_735197,0.0,华南理工大学,2020-10-22 16:40:57,4,E,211,141,0.0,0.0,0.0,0.0,0.0,0.0,0.0
U_29974541,C_1732845,2.0,华南理工大学,2020-05-14 14:47:39,3,D,211,13,0.0,0.0,0.1003861003861004,0.1003861003861004,0.06938775510204082,0.02165605095541401,0.0
U_7255221,C_697076,1.0,辽宁对外经贸学院,2020-09-10 15:42:49,4,E,781,121,0.0,0.0,0.0,0.0,0.0,0.0,0.0
U_30357401,C_1829948,2.0,辽宁对外经贸学院,2020-06-04 19:18:57,4,E,781,61,0.013888888888888888,0.0,0.003861003861003861,0.003861003861003861,0.0,0.0,0.0
U_25712574,C_1829948,0.0,辽宁对外经贸学院,2020-06-11 12:26:23,4,E,781,61,0.0,0.0,0.015444015444015444,0.015444015444015444,0.004081632653061225,0.0012738853503184713,0.0
U_22296900,C_707358,1.0,湖北文理学院理工学院,2020-05-14 16:09:59,0,A,626,134,0.0,0.0,0.03861003861003861,0.0501930501930502,0.04081632653061225,0.012738853503184712,0.0
U_13170800,C_1829948,0.0,北方民族大学,2020-06-04 12:13:09,3,D,190,61,0.0,0.0,0.0,0.0,0.0,0.0,0.0
U_5267694,C_735164,0.0,昆明学院,2020-09-16 08:21:31,0,A,473,138,0.013888888888888888,0.0,0.0,0.0,0.0,0.0,0.0026422665921010855
U_6758259,C_1824911,2.0,重庆三峡医药高等专科学校,2020-06-02 09:52:32,2,C,822,57,0.013888888888888888,0.0,0.1312741312741313,0.1312741312741313,0.1306122448979592,0.04076433121019108,0.0
U_31104172,C_682392,0.0,昆明理工大学,2020-08-01 17:31:57,0,A,476,108,0.1111111111111111,0.0,0.3359073359073359,0.3359073359073359,0.35510204081632657,0.14522292993630573,0.0
U_6766176,C_1824911,2.0,重庆三峡医药高等专科学校,2020-06-25 16:26:18,0,A,822,57,0.08333333333333333,0.0,0.18146718146718147,0.18146718146718147,0.19183673469387758,0.059872611464968147,0.0
U_996250,C_735164,0.0,昆明理工大学,2020-09-23 16:52:20,0,A,476,138,0.0,0.0,0.0,0.0,0.0,0.0,0.03355451096567465
U_30892974,C_735197,1.0,辽宁对外经贸学院,2020-09-13 10:38:27,4,E,781,141,0.0,0.0,0.019305019305019305,0.019305019305019305,0.0163265306122449,0.005095541401273885,0.0
U_3445220,C_735164,0.0,天津中医药大学,2020-09-16 17:00:05,2,C,313,138,0.0,0.0,0.0,0.0,0.0,0.0,0.0
U_6758630,C_1824911,1.0,重庆三峡医药高等专科学校,2020-06-02 10:23:42,4,E,822,57,0.0,0.0,0.0,0.0,0.0,0.0,0.0
U_30423985,C_1829948,2.0,中国医科大学,2020-06-09 18:30:54,2,C,69,61,0.2777777777777778,0.0,0.37451737451737455,0.37451737451737455,0.2653061224489796,0.08280254777070063,0.0
U_30537520,C_697367,0.0,广州中医药大学,2020-06-15 15:15:25,1,B,423,127,0.0,0.0,0.13513513513513514,0.13513513513513514,0.11836734693877551,0.03694267515923567,0.0
U_33080068,C_735164,1.0,昆明理工大学,2020-11-10 09:34:29,3,D,476,138,0.027777777777777776,0.0,0.0,0.0,0.0,0.0,0.0
U_8503441,C_735164,0.0,河南理工大学,2020-10-23 17:44:40,2,C,576,138,0.0,0.0,0.0,0.0,0.0,0.0,0.0
U_4805861,C_735164,1.0,贵州医科大学,2020-10-20 19:46:28,2,C,762,138,0.027777777777777776,0.0,0.22393822393822393,0.35135135135135137,0.1673469387755102,0.09044585987261146,0.0
U_963703,C_735164,1.0,昆明理工大学,2020-09-20 13:17:47,0,A,476,138,0.0,0.0,0.0,0.0,0.0,0.0,0.0
U_2168731,C_697076,2.0,辽宁建筑职业学院,2020-09-30 14:45:57,3,D,787,121,0.0,0.0,0.019305019305019305,0.019305019305019305,0.0163265306122449,0.006369426751592356,0.0
U_3712416,C_1017355,0.0,广州中医药大学,2020-04-17 17:17:29,2,C,423,0,0.013888888888888888,0.0,0.0,0.0,0.0,0.0,0.0
U_5041657,C_735197,0.0,华南理工大学,2020-10-14 18:57:37,3,D,211,141,0.38888888888888884,0.0,0.2702702702702703,0.2702702702702703,0.28571428571428575,0.10063694267515923,0.0
U_29664735,C_1774975,0.0,广州中医药大学,2020-04-27 14:52:07,1,B,423,44,0.1111111111111111,0.0,0.11583011583011583,0.16602316602316602,0.10612244897959185,0.2038216560509554,0.0
U_14654812,C_786631,2.0,北华航天工业学院,2020-05-08 16:08:24,0,A,186,154,0.05555555555555555,0.0,0.09266409266409267,0.09266409266409267,0.05714285714285715,0.02165605095541401,0.0
U_6910154,C_756642,2.0,昆明理工大学,2020-05-11 19:31:54,0,A,476,149,0.013888888888888888,0.0,0.019305019305019305,0.019305019305019305,0.020408163265306124,0.008917197452229299,0.0
U_20462680,C_823315,0.0,辽宁对外经贸学院,2020-06-16 18:36:45,4,E,781,158,0.0,0.0,0.0,0.0,0.0,0.0,0.0
U_4354977,C_1738818,1.0,清华大学,2020-08-30 15:41:36,4,E,612,15,0.013888888888888888,0.0,0.011583011583011584,0.011583011583011584,0.00816326530612245,0.005095541401273885,0.0
U_7374714,C_1824911,2.0,重庆三峡医药高等专科学校,2020-06-10 18:09:14,4,E,822,57,0.2361111111111111,0.0,0.1312741312741313,0.1312741312741313,0.1142857142857143,0.035668789808917196,0.0
U_1294688,C_735197,2.0,华南理工大学,2020-10-27 21:06:59,4,E,211,141,0.05555555555555555,0.0,0.019305019305019305,0.019305019305019305,0.0163265306122449,0.005095541401273885,0.10466891371049411
U_6766259,C_1824911,2.0,重庆三峡医药高等专科学校,2020-06-02 10:22:17,4,E,822,57,0.0,0.0,0.0,0.0,0.0,0.0,0.0
U_1298834,C_735164,0.0,昆明医科大学,2020-11-01 07:55:00,2,C,471,138,0.0,0.0,0.019305019305019305,0.03474903474903475,0.0163265306122449,0.008917197452229299,0.0
U_5732074,C_1824911,0.0,重庆三峡医药高等专科学校,2020-06-05 11:32:19,4,E,822,57,0.027777777777777776,0.0,0.0,0.0,0.0,0.0,0.0
U_33017409,C_735195,2.0,山东大学,2020-09-17 14:07:42,3,D,367,140,0.0,0.0,0.08494208494208494,0.08494208494208494,0.04489795918367347,0.014012738853503183,0.0406038305121987
U_20253543,C_948120,0.0,中国农业大学,2020-09-23 10:01:51,0,A,67,167,0.0,0.0,0.019305019305019305,0.019305019305019305,0.020408163265306124,0.006369426751592356,0.020549870769788852
U_6758166,C_1824911,2.0,重庆三峡医药高等专科学校,2020-06-10 19:12:21,4,E,822,57,0.19444444444444442,0.0,0.16988416988416988,0.16988416988416988,0.1469387755102041,0.045859872611464965,0.0
U_7640825,C_756642,2.0,辽宁对外经贸学院,2020-05-11 17:44:16,4,E,781,149,0.027777777777777776,0.0,0.019305019305019305,0.019305019305019305,0.00816326530612245,0.0025477707006369425,0.0
U_6758879,C_1824911,2.0,重庆三峡医药高等专科学校,2020-06-02 10:25:04,4,E,822,57,0.0,0.0,0.0,0.0,0.0,0.0,0.0
U_32884985,C_735164,2.0,昆明理工大学,2020-09-16 10:27:58,0,A,476,138,0.0,0.0,0.0,0.0,0.0,0.0,0.0
U_9775724,C_735197,1.0,华南理工大学,2020-09-24 12:33:44,3,D,211,141,0.0,0.0,0.0,0.0,0.0,0.0,0.0
U_13892180,C_1864065,0.0,辽宁对外经贸学院,2020-06-25 22:18:43,4,E,781,67,0.0,0.0,0.011583011583011584,0.011583011583011584,0.012244897959183675,0.007643312101910828,0.0
U_33166154,C_735164,1.0,昆明理工大学,2020-09-20 13:57:03,0,A,476,138,0.013888888888888888,0.0,0.2007722007722008,0.22007722007722008,0.20816326530612247,0.11719745222929935,0.1911246807031333
U_33217017,C_697076,2.0,辽宁对外贸易学院,2020-10-07 08:24:46,0,A,783,121,0.0,0.0,0.23166023166023167,0.23166023166023167,0.24081632653061227,0.0929936305732484,0.0
U_34431420,C_697076,2.0,辽宁对外经贸学院,2020-10-22 10:11:12,4,E,781,121,0.0,0.0,0.0,0.0,0.0,0.0,0.0
U_32725561,C_735164,1.0,昆明理工大学,2020-09-17 08:34:22,0,A,476,138,0.0,0.0,0.019305019305019305,0.02702702702702703,0.020408163265306124,0.01019108280254777,0.0
U_14911772,C_674920,0.0,西昌民族幼儿师范高等专科学校,2020-06-04 12:08:18,4,E,751,87,0.0,0.0,0.03861003861003861,0.03861003861003861,0.04081632653061225,0.012738853503184712,0.0
U_9733227,C_786631,1.0,北华航天工业学院,2020-04-22 11:08:09,0,A,186,154,0.0,0.0,0.0,0.0,0.0,0.0,0.0
U_34268597,C_697076,2.0,辽宁对外经贸学院,2020-11-18 22:53:27,4,E,781,121,0.0,0.0,0.25096525096525096,0.25096525096525096,0.1142857142857143,0.04076433121019108,0.0
U_23148372,C_1864065,1.0,辽宁对外经贸学院,2020-06-20 20:35:41,4,E,781,67,0.0,0.0,0.0,0.0,0.0,0.0,0.0
U_30428770,C_1829948,2.0,辽宁对外经贸学院,2020-06-10 08:01:54,4,E,781,61,0.041666666666666664,0.0,0.06563706563706564,0.06563706563706564,0.05714285714285715,0.017834394904458598,0.0
U_11129701,C_1410126,2.0,昆明理工大学,2020-06-10 09:14:30,0,A,476,2,0.013888888888888888,0.0,0.03474903474903475,0.03474903474903475,0.028571428571428574,0.016560509554140127,0.0
U_30352237,C_1829948,1.0,辽宁对外经贸学院,2020-06-04 14:39:32,4,E,781,61,0.0,0.0,0.0,0.0,0.0,0.0,0.0
U_28954565,C_682575,2.0,昆明理工大学,2020-06-21 10:10:49,0,A,476,113,0.013888888888888888,0.0,0.2084942084942085,0.2084942084942085,0.2,0.062420382165605096,0.0
U_17903524,C_786631,1.0,北华航天工业学院,2020-05-14 08:58:47,4,E,186,154,0.05555555555555555,0.0,0.3204633204633205,0.3204633204633205,0.24081632653061227,0.09808917197452229,0.0
U_5740581,C_735197,2.0,华南理工大学,2020-10-14 16:25:03,3,D,211,141,0.0,0.0,0.0,0.0,0.0,0.0,0.0
U_12192725,C_1714448,1.0,中国医科大学,2020-05-13 10:19:37,2,C,69,8,0.0,0.0,0.015444015444015444,0.015444015444015444,0.004081632653061225,0.0012738853503184713,0.0
U_34497652,C_735164,1.0,昆明理工大学,2020-10-20 16:29:25,0,A,476,138,0.013888888888888888,0.0,0.31660231660231664,0.31660231660231664,0.3346938775510204,0.17452229299363056,0.010748426817410055
U_17700423,C_756642,2.0,江苏大学,2020-05-07 20:57:37,4,E,521,149,0.041666666666666664,0.0,0.07335907335907337,0.07335907335907337,0.028571428571428574,0.011464968152866241,0.0
U_33220472,C_697076,0.0,辽宁对外经贸学院,2020-09-30 15:00:45,3,D,781,121,0.0,0.0,0.019305019305019305,0.019305019305019305,0.00816326530612245,0.0025477707006369425,0.0
U_9815935,C_735197,1.0,辽宁对外经贸学院,2020-09-14 14:35:00,4,E,781,141,0.06944444444444445,0.0,0.05405405405405406,0.05405405405405406,0.0489795918367347,0.016560509554140127,0.09297017880624538
U_30562729,C_1829948,1.0,北方民族大学,2020-06-16 16:37:16,4,E,190,61,0.2361111111111111,0.0,0.2084942084942085,0.2084942084942085,0.1673469387755102,0.05222929936305732,0.0
U_11272814,C_948120,1.0,北京农学院,2020-09-25 20:20:31,0,A,160,167,0.0,0.0,0.0,0.0,0.0,0.0,0.0
U_14946342,C_674920,0.0,西昌民族幼儿师范高等专科学校,2020-06-11 15:21:32,4,E,751,87,0.013888888888888888,0.0,0.07722007722007722,0.07722007722007722,0.0816326530612245,0.025477707006369425,0.0
U_1032489,C_735164,2.0,昆明理工大学,2020-11-28 11:51:50,0,A,476,138,0.0,0.0,0.0694980694980695,0.0888030888030888,0.07346938775510205,0.04076433121019108,0.0
U_8934400,C_735197,0.0,华南理工大学,2020-10-02 09:05:10,4,E,211,141,0.0,0.0,0.06177606177606178,0.06177606177606178,0.036734693877551024,0.012738853503184712,0.0
U_5798950,C_1824911,2.0,重庆三峡医药高等专科学校,2020-06-10 18:01:18,4,E,822,57,0.0,0.0,0.0,0.0,0.0,0.0,0.0
U_30975467,C_1750795,1.0,辽宁对外经贸学院,2020-07-17 17:56:53,4,E,781,18,0.06944444444444445,0.0,0.36293436293436293,0.36293436293436293,0.32244897959183677,0.2038216560509554,0.0
U_30356153,C_1829948,0.0,辽宁对外经贸学院,2020-06-04 17:54:08,4,E,781,61,0.05555555555555555,0.0,0.10810810810810811,0.10810810810810811,0.05306122448979592,0.016560509554140127,0.0
U_16360903,C_1789695,1.0,温州大学,2020-06-21 19:04:42,3,D,617,52,0.0,0.0,0.0,0.0,0.0,0.0,0.0
U_30435106,C_682392,2.0,华南理工大学,2020-09-03 10:23:24,3,D,211,108,0.0,0.0,0.0,0.0,0.0,0.0,0.0
U_21094786,C_948120,0.0,昆明理工大学,2020-10-11 17:03:30,0,A,476,167,0.0,0.0,0.1969111969111969,0.1969111969111969,0.13877551020408163,0.045859872611464965,0.04945934916340441
U_6758156,C_1824911,2.0,重庆三峡医药高等专科学校,2020-06-11 15:53:38,4,E,822,57,0.2361111111111111,0.0,0.1312741312741313,0.1312741312741313,0.1346938775510204,0.04203821656050955,0.0
U_1304172,C_735197,0.0,云南民族大学,2020-10-21 22:57:16,4,E,114,141,0.0,0.0,0.0,0.0,0.0,0.0,0.0553800577379423
U_28970471,C_1750793,2.0,昆明理工大学,2020-04-19 15:15:09,0,A,476,17,0.0,0.0,0.0,0.0,0.0,0.0,0.0
U_21102758,C_948120,0.0,中国农业大学,2020-10-04 10:11:55,1,B,67,167,0.0,0.0,0.019305019305019305,0.019305019305019305,0.020408163265306124,0.006369426751592356,0.0
U_32577236,C_735164,1.0,昆明理工大学,2020-09-25 08:06:15,0,A,476,138,0.0,0.0,0.2895752895752896,0.3552123552123552,0.27346938775510204,0.1375796178343949,0.0
U_5094706,C_674920,0.0,西昌民族幼儿师范高等专科学校,2020-07-04 17:26:39,4,E,751,87,0.2638888888888889,0.0,0.07722007722007722,0.07722007722007722,0.04489795918367347,0.014012738853503183,0.0
U_4517039,C_735197,0.0,华南理工大学,2020-10-19 22:01:46,4,E,211,141,0.1388888888888889,0.0,0.019305019305019305,0.019305019305019305,0.012244897959183675,0.003821656050955414,0.0
U_5643088,C_1824911,2.0,重庆三峡医药高等专科学校,2020-06-03 20:34:39,3,D,822,57,0.027777777777777776,0.0,0.1312741312741313,0.1312741312741313,0.07755102040816328,0.024203821656050954,0.0
U_16632591,C_1844112,2.0,内蒙古大学,2020-08-21 15:50:47,0,A,145,63,0.0,0.0,0.11969111969111969,0.13513513513513514,0.0979591836734694,0.11719745222929935,0.09711159142092775
U_30467159,C_1829948,0.0,辽宁对外经贸学院,2020-06-12 10:06:57,4,E,781,61,0.18055555555555555,0.0,0.41312741312741313,0.41312741312741313,0.35510204081632657,0.110828025477707,0.0
U_33224900,C_697076,2.0,辽宁对外经贸学院,2020-09-24 14:12:20,0,A,781,121,0.0,0.0,0.05791505791505792,0.05791505791505792,0.06122448979591837,0.022929936305732482,0.04524984507489307
U_28655521,C_735164,1.0,昆明医科大学海源学院,2020-09-17 10:14:31,0,A,472,138,0.0,0.0,0.2084942084942085,0.21235521235521235,0.22040816326530616,0.12484076433121019,0.0
U_31067780,C_682392,0.0,昆明理工大学,2020-09-15 19:09:25,0,A,476,108,0.16666666666666666,0.0,0.8146718146718147,0.8146718146718147,0.8408163265306123,0.35668789808917195,0.0
U_33343365,C_697076,2.0,辽宁对外经贸学院,2020-10-06 16:11:33,4,E,781,121,0.0,0.0,0.0,0.0,0.0,0.0,0.0
U_30329555,C_2027893,1.0,华南理工大学,2020-09-02 21:12:22,3,D,211,84,0.0,0.0,0.0,0.0,0.0,0.0,0.0
U_6758154,C_1824911,2.0,重庆三峡医药高等专科学校,2020-06-02 09:49:42,4,E,822,57,0.1388888888888889,0.0,0.1312741312741313,0.1312741312741313,0.13877551020408163,0.04331210191082802,0.0
U_33066794,C_735164,2.0,中国医科大学,2020-10-19 14:50:44,2,C,69,138,0.0,0.0,0.30115830115830117,0.46332046332046334,0.22448979591836737,0.10955414012738852,0.11877314429951182
U_370398,C_1771170,2.0,清华大学,2020-07-05 18:54:41,1,B,612,40,0.0,0.0,0.019305019305019305,0.019305019305019305,0.0163265306122449,0.005095541401273885,0.0
U_737909,C_735164,0.0,湖北民族学院科技学院,2020-10-25 09:03:01,2,C,628,138,0.0,0.0,0.2084942084942085,0.34362934362934366,0.11836734693877551,0.06496815286624204,0.03778729160683787
U_33491999,C_735164,1.0,昆明理工大学,2020-10-20 18:03:17,0,A,476,138,0.013888888888888888,0.0,0.11583011583011583,0.11969111969111969,0.12244897959183675,0.06751592356687898,0.14453378878795667
U_8488559,C_735197,0.0,1,2020-10-14 21:09:47,3,D,2,141,0.08333333333333333,0.0,0.19305019305019305,0.19305019305019305,0.2,0.07388535031847134,0.0
U_29800211,C_766175,1.0,昆明理工大学,2020-05-06 17:29:57,0,A,476,151,0.0,0.0,0.0,0.0,0.0,0.0,0.0
U_29015826,C_707035,2.0,辽宁对外经贸学院,2020-07-08 09:16:51,4,E,781,130,0.0,0.0,0.03861003861003861,0.03861003861003861,0.028571428571428574,0.008917197452229299,0.0
U_5643107,C_1824911,0.0,重庆三峡医药高等专科学校,2020-06-03 20:00:56,4,E,822,57,0.08333333333333333,0.0,0.1312741312741313,0.1312741312741313,0.05306122448979592,0.016560509554140127,0.0
U_3805418,C_1017355,0.0,广州中医药大学,2020-04-17 17:20:49,0,A,423,0,0.0,0.0,0.0,0.0,0.0,0.0,0.0
U_29794064,C_766175,2.0,昆明理工大学,2020-05-06 12:33:44,0,A,476,151,0.013888888888888888,0.0,0.37451737451737455,0.37451737451737455,0.3918367346938776,0.12356687898089172,0.0
U_29790914,C_747056,2.0,华南理工大学,2020-05-06 10:21:05,3,D,211,147,0.0,0.0,0.019305019305019305,0.019305019305019305,0.004081632653061225,0.0012738853503184713,0.0
U_5643120,C_1824911,2.0,重庆三峡医药高等专科学校,2020-06-04 18:35:07,4,E,822,57,0.0,0.0,0.1312741312741313,0.1312741312741313,0.1306122448979592,0.04076433121019108,0.0
U_30966591,C_697076,2.0,辽宁对外经贸学院,2020-07-15 15:47:07,4,E,781,121,0.027777777777777776,0.0,0.0,0.0,0.0,0.0,0.0
U_33185968,C_735164,0.0,昆明理工大学,2020-11-13 13:31:19,0,A,476,138,0.013888888888888888,0.0,0.0,0.0,0.0,0.0,0.0
U_34266873,C_697076,2.0,辽宁对外经贸学院,2020-11-16 11:48:16,4,E,781,121,0.0,0.0,0.019305019305019305,0.019305019305019305,0.0163265306122449,0.005095541401273885,0.0
U_4174709,C_1875539,2.0,云南大学,2020-07-20 12:55:15,4,E,106,69,0.0,0.0,0.13513513513513514,0.13513513513513514,0.10204081632653061,0.3184713375796178,0.0
U_33141002,C_735164,2.0,中国医科大学,2020-09-19 10:43:02,2,C,69,138,0.013888888888888888,0.0,0.11583011583011583,0.14285714285714285,0.09387755102040818,0.05222929936305732,0.14317226160426838
U_2726789,C_735164,0.0,大理大学,2020-10-24 08:56:35,0,A,301,138,0.125,0.0,0.13513513513513514,0.16988416988416988,0.12653061224489798,0.06624203821656051,0.19786414957452278
U_14282334,C_697076,0.0,昆明理工大学,2020-09-30 18:09:18,0,A,476,121,0.0,0.0,0.0,0.0,0.0,0.0,0.0
U_20290394,C_823315,1.0,西安石油大学,2020-06-14 00:07:28,4,E,725,158,0.013888888888888888,0.0,0.0694980694980695,0.0694980694980695,0.05306122448979592,0.017834394904458598,0.0
U_33224701,C_697076,1.0,辽宁对外经贸学院,2020-09-24 15:22:07,0,A,781,121,0.0,0.0,0.05791505791505792,0.05791505791505792,0.06122448979591837,0.022929936305732482,0.0
U_21051302,C_948113,0.0,西安思源学院,2020-05-21 10:04:36,0,A,721,166,0.06944444444444445,0.0,0.4285714285714286,0.4285714285714286,0.45306122448979597,0.16305732484076432,0.0
U_22750161,C_1992929,0.0,北京体育大学,2020-09-11 17:31:14,4,E,159,81,0.0,0.0,0.0694980694980695,0.0694980694980695,0.05714285714285715,0.017834394904458598,0.0
U_10244793,C_735197,0.0,华南理工大学,2020-09-26 16:36:18,3,D,211,141,0.1111111111111111,0.0,0.09652509652509653,0.09652509652509653,0.09387755102040818,0.04076433121019108,0.0
U_30081801,C_674920,1.0,辽宁对外经贸学院,2020-05-20 14:04:09,4,E,781,87,0.0,0.0,0.03861003861003861,0.03861003861003861,0.0326530612244898,0.01019108280254777,0.0
U_2512438,C_735197,0.0,华南理工大学,2020-11-07 18:21:17,4,E,211,141,0.08333333333333333,0.0,0.09652509652509653,0.09652509652509653,0.08571428571428572,0.026751592356687896,0.0
U_17911231,C_786631,2.0,北华航天工业学院,2020-04-23 12:40:15,0,A,186,154,0.05555555555555555,0.0,0.0,0.0,0.0,0.0,0.0
U_32904206,C_735164,1.0,昆明理工大学,2020-09-20 23:04:54,0,A,476,138,0.0,0.0,0.0,0.0,0.0,0.0,0.0
U_25273955,C_1824911,0.0,重庆三峡医药高等专科学校,2020-06-10 18:05:43,4,E,822,57,0.1111111111111111,0.0,0.1312741312741313,0.1312741312741313,0.10612244897959185,0.033121019108280254,0.0
U_31124716,C_1912004,0.0,滨州医学院,2020-08-03 14:49:19,4,E,649,74,0.0,0.0,0.019305019305019305,0.019305019305019305,0.012244897959183675,0.003821656050955414,0.0
U_6758204,C_1824911,2.0,重庆三峡医药高等专科学校,2020-06-02 09:51:33,2,C,822,57,0.0,0.0,0.1312741312741313,0.1312741312741313,0.1142857142857143,0.035668789808917196,0.0
U_33841950,C_735164,0.0,辽宁对外经贸学院,2020-11-23 19:52:07,4,E,781,138,0.0,0.0,0.019305019305019305,0.02316602316602317,0.020408163265306124,0.01019108280254777,0.0
U_29500288,C_674920,2.0,辽宁对外经贸学院,2020-07-14 15:42:01,4,E,781,87,0.2638888888888889,0.0,0.23166023166023167,0.23166023166023167,0.19183673469387758,0.062420382165605096,0.0
U_5152455,C_735197,0.0,华南理工大学,2020-10-14 22:00:40,4,E,211,141,0.15277777777777776,0.0,0.1312741312741313,0.1312741312741313,0.11836734693877551,0.03694267515923567,0.0
U_6241338,C_735115,1.0,广州体院,2020-05-11 08:30:58,0,A,427,136,0.027777777777777776,0.0,0.6177606177606177,0.6177606177606177,0.5836734693877551,0.2343949044585987,0.0
U_12754203,C_1912004,0.0,沈阳师范大学,2020-10-15 16:26:27,4,E,538,74,0.0,0.0,0.0,0.0,0.0,0.0,0.0
U_6223103,C_1829948,0.0,北方民族大学,2020-06-05 14:24:52,1,B,190,61,0.013888888888888888,0.0,0.15444015444015444,0.15444015444015444,0.05714285714285715,0.017834394904458598,0.0
U_22240190,C_1844112,2.0,内蒙古大学,2020-08-19 08:15:07,0,A,145,63,0.0,0.0,0.09652509652509653,0.1003861003861004,0.10204081632653061,0.12738853503184713,0.0
U_3739289,C_735164,1.0,长春理工大学,2020-10-25 19:15:23,0,A,856,138,0.0,0.0,0.0,0.0,0.0,0.0,0.0
U_4750631,C_735197,0.0,华南理工大学,2020-09-15 12:29:51,4,E,211,141,0.0,0.0,0.0,0.0,0.0,0.0,0.0
U_16166520,C_707035,2.0,广州中医药大学,2020-08-10 22:06:16,1,B,423,130,0.0,0.0,0.0,0.0,0.0,0.0,0.0
U_30254997,C_766175,0.0,广州中医药大学,2020-05-28 17:33:24,1,B,423,151,0.06944444444444445,0.0,0.3088803088803089,0.3088803088803089,0.30612244897959184,0.09936305732484076,0.0
U_33224731,C_697076,2.0,辽宁对外经贸学院,2020-09-27 17:03:54,0,A,781,121,0.0,0.0,0.05791505791505792,0.05791505791505792,0.06122448979591837,0.022929936305732482,0.0
U_30262754,C_766175,2.0,昆明理工大学,2020-05-28 21:19:13,0,A,476,151,0.0,0.0,0.02316602316602317,0.02316602316602317,0.02448979591836735,0.007643312101910828,0.0
U_32877675,C_735164,2.0,昆明理工大学,2020-10-16 17:20:21,0,A,476,138,0.0,0.0,0.0,0.0,0.0,0.0,0.0
U_5647311,C_1824911,2.0,重庆三峡医药高等专科学校,2020-06-11 22:04:10,4,E,822,57,0.0,0.0,0.0,0.0,0.0,0.0,0.0
U_21111653,C_1844112,0.0,内蒙古大学,2020-08-19 08:12:05,0,A,145,63,0.0,0.0,0.7567567567567568,0.7915057915057915,0.7755102040816327,0.9554140127388534,0.2958464956696544
U_32577537,C_735164,1.0,昆明理工大学,2020-09-16 10:36:16,0,A,476,138,0.0,0.0,0.0,0.0,0.0,0.0,0.0053052402472755856
U_30348567,C_1829948,0.0,华南理工大学,2020-06-04 10:33:58,3,D,211,61,0.0,0.0,0.015444015444015444,0.015444015444015444,0.00816326530612245,0.0025477707006369425,0.0
U_25269703,C_948120,0.0,中国农业大学,2020-09-26 17:25:11,2,C,67,167,0.0,0.0,0.019305019305019305,0.019305019305019305,0.020408163265306124,0.006369426751592356,0.0
U_33219957,C_697076,2.0,辽宁对外经贸学院,2020-10-13 08:50:13,0,A,781,121,0.0,0.0,0.0,0.0,0.0,0.0,0.012847976904823087
U_25925560,C_1844112,2.0,内蒙古大学,2020-08-19 08:05:15,0,A,145,63,0.0,0.0,0.2895752895752896,0.305019305019305,0.2979591836734694,0.3719745222929936,0.029095690814830485
U_32965784,C_735164,2.0,昆明理工大学,2020-09-16 21:15:19,0,A,476,138,0.027777777777777776,0.0,0.0,0.0,0.0,0.0,0.0
U_11044939,C_676646,2.0,天津商业大学,2020-08-17 00:56:00,4,E,316,90,0.0,0.0,0.019305019305019305,0.019305019305019305,0.00816326530612245,0.0025477707006369425,0.10066353289702394
U_22271696,C_735115,1.0,昆明理工大学,2020-05-11 09:08:25,0,A,476,136,0.013888888888888888,0.0,0.6177606177606177,0.6177606177606177,0.6326530612244898,0.25477707006369427,0.0
U_15201664,C_735197,0.0,辽宁石油化工大学,2020-09-09 10:06:25,4,E,790,141,0.013888888888888888,0.0,0.03474903474903475,0.03474903474903475,0.028571428571428574,0.01019108280254777,0.0
U_27221919,C_1736024,2.0,集宁师范学院,2020-05-25 07:45:48,4,E,883,14,0.0,0.0,0.0,0.0,0.0,0.0,0.0
U_33555180,C_697076,2.0,辽宁对外经贸学院,2020-11-19 21:41:50,4,E,781,121,0.0,0.0,0.019305019305019305,0.019305019305019305,0.0163265306122449,0.005095541401273885,0.0
U_7529680,C_1750793,2.0,北京体育大学,2020-04-19 14:08:05,0,A,159,17,0.027777777777777776,0.0,0.0,0.0,0.0,0.0,0.0
U_30357689,C_1829948,1.0,广州中医药大学,2020-06-04 19:35:24,1,B,423,61,0.0,0.0,0.0,0.0,0.0,0.0,0.0
U_6792652,C_1824911,2.0,重庆三峡医药高等专科学校,2020-06-11 09:08:24,4,E,822,57,0.0,0.0,0.0,0.0,0.0,0.0,0.0
U_13535036,C_948120,0.0,中国农业大学,2020-10-05 13:09:30,4,E,67,167,0.013888888888888888,0.0,0.09652509652509653,0.09652509652509653,0.08571428571428572,0.029299363057324838,0.027584226356917218
U_31073015,C_682392,0.0,中国医科大学,2020-07-30 15:58:18,2,C,69,108,0.0,0.0,0.0,0.0,0.0,0.0,0.0
U_29580442,C_786631,1.0,华南理工大学,2020-04-23 13:19:45,3,D,211,154,0.013888888888888888,0.0,0.0,0.0,0.0,0.0,0.0
U_32904197,C_735164,1.0,昆明理工大学,2020-10-11 14:57:37,0,A,476,138,0.041666666666666664,0.0,0.4980694980694981,0.5868725868725869,0.526530612244898,0.2343949044585987,0.0
U_29083830,C_1472684,1.0,四川高等中医药专科学校,2020-09-18 23:16:12,4,E,294,3,0.0,0.0,0.019305019305019305,0.019305019305019305,0.020408163265306124,0.006369426751592356,0.08758936533607414
U_33224593,C_697076,2.0,辽宁对外经贸学院,2020-09-28 14:56:42,4,E,781,121,0.0,0.0,0.03861003861003861,0.03861003861003861,0.04081632653061225,0.015286624203821656,0.0
U_29123789,C_1824911,2.0,辽宁对外经贸学院,2020-06-10 18:17:37,4,E,781,57,0.18055555555555555,0.0,0.1312741312741313,0.1312741312741313,0.08979591836734695,0.028025477707006367,0.0
U_11903143,C_707358,1.0,深圳职业技术学院,2020-06-09 21:30:07,1,B,611,134,0.9027777777777777,0.0,0.03861003861003861,0.04633204633204634,0.04081632653061225,0.012738853503184712,0.0
U_16650763,C_1844112,2.0,内蒙古大学,2020-08-20 10:19:19,1,B,145,63,0.0,0.0,0.19305019305019305,0.24324324324324326,0.1795918367346939,0.21783439490445858,0.1439921806905377
U_14348129,C_682392,2.0,陕西工业职业技术学院,2020-09-04 15:50:02,4,E,876,108,0.013888888888888888,0.0,0.07335907335907337,0.07335907335907337,0.05714285714285715,0.017834394904458598,0.0
U_12156473,C_682392,1.0,陕西工业职业技术学院,2020-09-02 09:02:41,4,E,876,108,0.0,0.0,0.0,0.0,0.0,0.0,0.0
U_33142351,C_735164,1.0,昆明理工大学,2020-09-19 12:30:32,4,E,476,138,0.0,0.0,0.2084942084942085,0.2471042471042471,0.2,0.11210191082802547,0.023798007889844472
